Flow Rate (L/min),Pressure (PSI),Water Level (%),Leak Status,Day of Week,Action Taken_Maintenance Scheduled,Action Taken_Valve Closed
0.5958815958815958,0.7304713804713805,0.5002134016218523,0,Sunday,False,False
0.4736164736164735,0.6506734006734005,0.6134585289514867,1,Sunday,False,False
0.6248391248391248,0.505050505050505,0.4751742779911794,0,Sunday,False,False
0.7940797940797941,0.386026936026936,0.5786029307156066,1,Sunday,False,False
0.45495495495495497,0.6124579124579124,0.24029022620571916,0,Sunday,False,False
0.45495495495495497,0.5611111111111111,0.6898563095746195,0,Sunday,False,False
0.8050193050193051,0.6456228956228955,0.6446151657419263,0,Sunday,False,False
0.6480051480051481,0.6018518518518519,0.4699103713188221,0,Sunday,False,False
0.4092664092664091,0.6717171717171717,0.7850334329207569,0,Sunday,False,False
0.604890604890605,0.4048821548821548,0.8443590837957036,0,Sunday,False,False
0.41055341055341044,0.7166666666666666,0.3013230900554844,0,Sunday,False,False
0.40990990990990983,0.5282828282828282,0.4815763266467492,0,Sunday,False,False
0.546975546975547,0.8442760942760941,0.48015364916773373,0,Sunday,False,False
0.13063063063063043,0.3789562289562289,0.4437331057049366,0,Sunday,False,False
0.16731016731016715,0.787205387205387,0.8213117086356523,0,Sunday,False,False
0.39124839124839117,0.5282828282828282,0.602930715606772,0,Sunday,False,False
0.30437580437580425,0.3853535353535354,0.5878503343292076,0,Sunday,False,False
0.5604890604890604,0.4134680134680134,0.21667378005406168,0,Sunday,False,False
0.32496782496782484,0.441077441077441,0.7799117939963012,0,Sunday,False,False
0.227155727155727,0.5663299663299664,0.3798548868971404,0,Sunday,False,False
0.7831402831402833,0.582996632996633,0.6571347275572628,0,Sunday,False,False
0.4562419562419562,0.39831649831649824,0.7035140133731683,0,Sunday,False,False
0.5128700128700128,0.4909090909090908,0.9346991037131882,0,Sunday,False,False
0.22522522522522512,0.8555555555555554,0.3650590411153791,0,Sunday,False,False
0.3951093951093949,0.7858585858585858,0.0,0,Sunday,False,False
0.5212355212355212,0.5683501683501684,0.6835965286669512,0,Sunday,False,False
0.2779922779922779,0.5013468013468014,1.0,0,Sunday,False,False
0.5727155727155727,0.5151515151515151,0.9086641058472045,0,Sunday,False,False
0.38416988416988407,0.5983164983164984,0.6890027030872101,0,Sunday,False,False
0.4433719433719432,0.3227272727272727,0.5394793000426803,0,Sunday,False,False
0.38352638352638335,0.45168350168350163,0.816616872954901,0,Sunday,False,False
0.8577863577863578,0.21397306397306398,0.43661971830985913,0,Sunday,False,False
0.49742599742599747,0.562121212121212,0.746052069995732,0,Sunday,False,False
0.29601029601029594,0.6038720538720539,0.7521695831554986,0,Sunday,False,False
0.658944658944659,0.41363636363636364,0.870536349409589,0,Sunday,False,False
0.2644787644787643,0.7599326599326597,1.0,0,Sunday,False,False
0.5405405405405406,0.2885521885521885,0.7281263337601367,0,Sunday,False,False
0.1216216216216214,0.24848484848484848,0.5357803385972401,0,Sunday,False,False
0.24388674388674372,0.5326599326599326,0.6389244558258644,0,Sunday,False,False
0.5379665379665379,0.6712121212121211,0.2667520273154076,0,Sunday,False,False
0.6428571428571429,0.7784511784511785,0.4960876369327073,0,Sunday,False,False
0.5328185328185328,0.4176767676767676,0.5569782330345711,0,Sunday,False,False
0.4774774774774775,0.6765993265993264,0.5325081803955044,0,Sunday,False,False
0.442084942084942,0.4883838383838383,0.6769099445155784,0,Sunday,False,False
0.2142857142857141,0.46582491582491586,0.4687722293356096,1,Sunday,False,True
0.36100386100386084,0.6437710437710438,0.8836249822165314,0,Sunday,False,False
0.41119691119691104,0.6047138047138048,0.6443306302461231,0,Sunday,False,False
0.7039897039897041,0.22962962962962957,0.6423388817755016,0,Sunday,False,False
0.5662805662805662,0.7436026936026934,0.5743348982785602,0,Sunday,False,False
0.1595881595881594,0.7272727272727271,0.6774790155071846,0,Sunday,False,False
0.5624195624195625,0.3895622895622895,0.8204581021482429,0,Sunday,False,False
0.42535392535392524,0.5616161616161617,0.4592402902262057,0,Sunday,False,False
0.36936936936936926,0.578114478114478,0.5039123630672926,0,Sunday,False,False
0.6184041184041184,0.5388888888888888,0.579456537203016,0,Sunday,False,False
0.6988416988416989,0.4023569023569023,0.35709204723289234,0,Sunday,False,False
0.6795366795366795,0.3818181818181818,0.4694835680751174,0,Sunday,False,False
0.3378378378378377,0.4905723905723906,0.542751458244416,0,Sunday,False,False
0.44015444015444005,0.6924242424242422,0.8309859154929577,0,Sunday,False,False
0.5637065637065637,0.5865319865319865,0.7003841229193342,0,Sunday,False,False
0.6885456885456885,0.4324915824915824,0.685588277137573,0,Sunday,False,False
0.4073359073359073,0.6249158249158249,0.825864276568502,0,Sunday,False,False
0.4639639639639639,0.015319865319865289,0.6150234741784038,0,Sunday,False,False
0.2863577863577862,0.6883838383838383,0.727699530516432,0,Sunday,False,False
0.26898326898326885,0.20202020202020204,0.622279129321383,0,Sunday,False,False
0.657014157014157,0.434006734006734,0.7009531939109406,0,Sunday,False,False
0.761904761904762,0.3063973063973063,0.519988618580168,0,Sunday,False,False
0.4858429858429857,0.27693602693602687,0.12391520842225068,0,Sunday,False,False
0.6936936936936937,0.6904040404040404,0.6157348129179114,0,Sunday,False,False
0.5694980694980695,0.4161616161616161,0.9479300042680325,0,Sunday,False,False
0.37516087516087504,0.5533670033670033,0.8419405320813771,0,Sunday,False,False
0.5694980694980695,0.487037037037037,0.8503343292075687,0,Sunday,False,False
0.7966537966537967,0.5752525252525253,0.9080950348555983,0,Sunday,False,False
0.4929214929214929,0.5079124579124579,0.6632522407170294,0,Sunday,False,False
0.8018018018018018,0.2789562289562289,0.6864418836249822,0,Sunday,False,False
0.0,0.6626262626262625,0.5125906956892872,0,Sunday,False,False
0.658944658944659,0.41178451178451175,0.5768957177407883,0,Sunday,False,False
0.5167310167310166,0.23282828282828277,0.7757860293071561,0,Sunday,False,False
0.442084942084942,0.4228956228956228,0.9012661829563238,0,Sunday,False,False
0.518018018018018,0.7476430976430977,0.614596670934699,0,Sunday,False,False
0.11647361647361629,0.638047138047138,0.5482999004125765,0,Sunday,False,False
0.4575289575289574,0.4361952861952861,0.6444728979940249,1,Sunday,False,False
0.5688545688545689,0.4361952861952861,0.772656138853322,0,Sunday,False,False
0.7850707850707851,0.4407407407407407,0.33617868829136444,0,Sunday,False,False
0.4002574002574001,0.8446127946127944,0.15436050647318256,0,Sunday,False,False
0.3436293436293435,0.5592592592592591,0.5268174704794423,0,Sunday,False,False
0.40283140283140273,0.5673400673400673,0.38383838383838376,0,Sunday,False,False
0.676962676962677,0.6683501683501682,0.5359226063451416,0,Sunday,False,False
0.5637065637065637,0.5351851851851852,0.612747190211979,0,Sunday,False,False
0.39768339768339755,0.4513468013468012,0.5475885616730688,0,Sunday,False,False
0.5990990990990991,0.46195286195286184,0.9543320529236023,0,Sunday,False,False
0.5186615186615186,0.4828282828282828,0.7140418267178832,0,Sunday,False,False
0.6872586872586873,0.4887205387205387,0.7084933845497228,0,Sunday,False,False
0.3642213642213641,0.6175084175084176,0.77706643903827,0,Sunday,False,False
0.4369369369369368,0.5037037037037038,0.4013373168302746,0,Sunday,False,False
0.42406692406692403,0.6183501683501682,0.8661260492246408,0,Sunday,False,False
0.21750321750321736,0.4813131313131312,0.6281121069853464,0,Sunday,False,False
0.5572715572715573,0.5082491582491582,0.7874519846350834,0,Sunday,False,False
0.5501930501930501,0.15858585858585855,0.4155640916204296,0,Sunday,False,False
0.5012870012870012,0.649158249158249,0.31270450988760845,0,Sunday,False,False
0.45495495495495497,0.5531986531986532,0.8188931569213258,0,Sunday,False,False
0.22651222651222638,0.6629629629629628,0.7247119078104995,0,Sunday,False,False
0.41891891891891886,0.007407407407407363,0.4518423673353251,0,Sunday,False,False
0.43371943371943367,0.8464646464646464,0.45881348698250113,0,Sunday,False,False
0.3449163449163448,0.4713804713804714,0.8844785887039408,0,Sunday,False,False
0.46911196911196906,0.6814814814814814,0.39052496798975667,0,Sunday,False,False
0.5778635778635779,0.3198653198653198,0.9948783610755443,0,Sunday,False,False
0.8642213642213643,0.5981481481481481,0.4521269028311282,0,Sunday,False,False
0.5334620334620334,0.3176767676767676,0.7806231327358089,0,Sunday,False,False
0.5495495495495495,0.3898989898989898,0.5741926305306586,0,Sunday,False,False
0.4858429858429857,0.817171717171717,0.7730829420970267,0,Sunday,False,False
0.12934362934362917,0.4627946127946128,0.5282401479584579,0,Sunday,False,False
0.4948519948519948,0.5314814814814814,0.6096172997581448,1,Sunday,True,False
0.5115830115830116,0.6414141414141414,0.6530089628681177,1,Sunday,False,False
0.9755469755469757,0.5784511784511783,0.4305022051500924,0,Sunday,False,False
0.46267696267696257,0.5202020202020201,0.802390098164746,0,Sunday,False,False
0.5579150579150579,0.5563973063973062,0.5347844643619292,0,Sunday,False,False
0.4935649935649935,0.8994949494949493,0.5955327927158913,0,Sunday,False,False
0.274131274131274,0.4851851851851852,0.4320671503770095,0,Sunday,False,False
0.7207207207207208,0.5287878787878788,0.09745340731256225,0,Sunday,False,False
0.6454311454311454,0.6718855218855218,0.603499786598378,0,Sunday,False,False
0.6525096525096524,0.681144781144781,1.0,0,Sunday,False,False
0.32432432432432423,0.6947811447811447,0.8117797695262483,0,Sunday,False,False
0.770913770913771,0.6025252525252525,0.6402048655569781,1,Sunday,True,False
0.22908622908622892,0.3025252525252525,0.5882771375729123,0,Sunday,False,False
0.6132561132561133,0.7698653198653198,0.6491677336747761,0,Sunday,False,False
0.9227799227799229,0.3020202020202019,0.7611324512732962,0,Sunday,False,False
0.3088803088803088,0.545959595959596,0.39237444871247684,0,Sunday,False,False
0.39060489060489056,0.36801346801346796,0.8820600369896143,0,Sunday,False,False
0.5193050193050193,0.4841750841750841,0.7969839237444871,0,Sunday,False,False
0.40283140283140273,0.5503367003367003,0.7975529947360933,0,Sunday,False,False
0.20077220077220057,0.5489898989898989,0.7379428083653436,0,Sunday,False,False
0.5135135135135135,0.5659932659932658,0.6484563949352682,0,Sunday,False,False
0.2947232947232946,0.7666666666666666,0.7878787878787878,0,Sunday,False,False
0.5913770913770914,0.5713804713804713,0.7706643903827002,0,Sunday,False,False
0.3223938223938223,0.4538720538720538,0.5687864561103998,0,Sunday,False,False
0.7992277992277993,0.6572390572390572,0.5219803670507897,0,Sunday,False,False
0.3487773487773487,0.695117845117845,0.6660975956750605,0,Sunday,False,False
0.4375804375804374,0.2882154882154882,0.9749608763693269,0,Sunday,False,False
0.657014157014157,0.5954545454545455,0.3798548868971404,0,Sunday,False,False
0.26254826254826236,0.6129629629629629,0.3311993171148101,0,Sunday,False,False
0.5437580437580437,0.4447811447811448,0.6794707639778061,0,Sunday,False,False
0.7522522522522523,0.7265993265993265,0.6551429790866412,0,Sunday,False,False
0.18983268983268967,0.46969696969696967,0.6813202447005264,0,Sunday,False,False
0.5353925353925354,0.516161616161616,0.6964006259780908,0,Sunday,False,False
0.5501930501930501,0.46582491582491586,0.5966709346991037,0,Sunday,False,False
0.6512226512226512,0.4976430976430975,0.962299046806089,0,Sunday,False,False
0.26126126126126115,0.31043771043771035,0.3027457675345,0,Sunday,False,False
0.24517374517374504,0.25252525252525254,0.4674918196044957,0,Sunday,False,False
0.601029601029601,0.7634680134680134,0.622279129321383,0,Sunday,False,False
0.5572715572715573,0.35235690235690237,0.2936406316688007,0,Sunday,False,False
0.5482625482625483,0.3281144781144781,0.6067719448001139,1,Sunday,False,False
0.5669240669240668,0.13249158249158244,0.9988618580167876,0,Sunday,False,False
0.36872586872586866,0.3873737373737373,0.6487409304310714,0,Sunday,False,False
0.5450450450450449,0.2722222222222222,0.6935552710200596,0,Sunday,False,False
0.5566280566280567,0.7713804713804713,0.3754445867121924,0,Sunday,False,False
0.36229086229086216,0.664983164983165,0.5127329634371888,0,Sunday,False,False
0.8603603603603605,0.37912457912457903,0.5642338881775503,0,Sunday,False,False
0.5913770913770914,0.874074074074074,0.5764689144970836,0,Sunday,False,False
0.2702702702702702,0.6602693602693601,0.9177692417129037,0,Sunday,False,False
0.6267696267696268,0.44023569023569015,0.7634087352397212,0,Sunday,False,False
0.31209781209781196,0.07424242424242422,0.40717029449423814,0,Sunday,False,False
0.6518661518661518,0.8806397306397304,0.696969696969697,0,Sunday,False,False
0.723938223938224,0.260942760942761,0.7506046379285816,0,Sunday,False,False
0.34169884169884157,0.21801346801346794,0.887608479157775,0,Sunday,False,False
0.685971685971686,0.6671717171717171,0.9816474605207,0,Sunday,False,False
0.5797940797940798,0.9057239057239057,0.42765685019206146,0,Sunday,False,False
0.658944658944659,0.7279461279461279,0.47133304879783755,0,Sunday,False,False
0.8661518661518661,0.5898989898989899,0.3760136577037986,0,Sunday,False,False
0.45238095238095233,0.5951178451178452,0.5943946507326789,1,Sunday,False,False
0.35456885456885445,0.6385521885521885,0.7439180537772088,0,Sunday,False,False
0.3281853281853281,0.6227272727272728,0.8550291648883199,0,Sunday,False,False
0.3423423423423423,0.5422558922558922,0.6281121069853464,0,Sunday,False,False
0.4851994851994851,0.5124579124579125,0.5760421112533789,0,Sunday,False,False
0.5656370656370656,0.48434343434343424,0.6767676767676769,0,Sunday,False,False
0.5534105534105533,0.36801346801346796,0.4660691421254801,0,Sunday,False,False
0.6595881595881596,0.44764309764309757,1.0,0,Sunday,False,False
0.5025740025740024,0.20993265993265992,0.3013230900554844,0,Sunday,False,False
0.7805662805662806,0.4784511784511784,0.6837387964148527,0,Sunday,False,False
0.4491634491634492,0.3284511784511784,1.0,0,Sunday,False,False
1.0,0.309090909090909,0.6457533077251387,0,Sunday,False,False
0.620978120978121,0.5252525252525251,0.6037843220941814,0,Sunday,False,False
0.33462033462033447,0.7292929292929293,0.568075117370892,0,Sunday,False,False
0.2934362934362933,0.6494949494949493,0.605776070564803,0,Sunday,False,False
0.5933075933075932,0.23047138047138044,0.9372599231754162,0,Sunday,False,False
0.4568854568854568,0.32828282828282823,0.1722862427087779,0,Sunday,False,False
0.6377091377091377,0.6533670033670032,0.9715464504196898,0,Sunday,False,False
0.5913770913770914,0.32962962962962955,0.34044672072841087,0,Sunday,False,False
0.4858429858429857,0.457070707070707,0.5874235310855029,0,Sunday,False,False
0.3365508365508364,0.5875420875420876,0.5527102005975246,0,Sunday,False,False
0.20785070785070767,0.331986531986532,0.7699530516431925,0,Sunday,False,False
0.4137709137709137,0.5126262626262625,0.3033148385261062,0,Sunday,False,False
0.6653796653796654,0.2703703703703703,0.7429221795418979,0,Sunday,False,False
0.5411840411840412,0.3937710437710437,1.0,0,Sunday,False,False
0.2593307593307592,0.5488215488215489,0.353393085787452,0,Sunday,False,False
0.5334620334620334,0.22676767676767678,0.6848769383980651,0,Sunday,False,False
0.5746460746460746,0.569023569023569,0.5030587565798833,0,Sunday,False,False
0.3294723294723293,0.4915824915824915,0.7352397211552142,0,Sunday,False,False
0.5296010296010296,0.5878787878787879,0.6484563949352682,0,Sunday,False,False
0.5109395109395108,0.5326599326599326,0.5074690567648313,0,Sunday,False,False
0.2792792792792792,0.7245791245791244,0.7484706217100583,0,Sunday,False,False
0.5688545688545689,0.515993265993266,1.0,0,Sunday,False,False
0.6081081081081081,0.4227272727272727,0.6036420543462797,0,Sunday,False,False
0.7091377091377091,0.5154882154882154,0.797979797979798,0,Sunday,False,False
0.7033462033462033,0.5863636363636364,0.3683311993171148,0,Sunday,False,False
0.2342342342342341,0.5031986531986532,0.4401764120073979,0,Sunday,False,False
0.31917631917631906,0.5018518518518518,0.7451984635083226,0,Sunday,False,False
0.5997425997425998,0.3767676767676767,0.9610186370749751,0,Sunday,False,False
0.5990990990990991,0.38333333333333325,0.7201593398776498,0,Sunday,False,False
0.5997425997425998,0.2587542087542087,0.5774647887323943,0,Sunday,False,False
1.0,0.7895622895622894,0.6441883624982216,0,Sunday,False,False
0.61003861003861,0.28552188552188557,0.37743633518281405,0,Sunday,False,False
0.7194337194337195,0.3782828282828283,0.7733674775928296,0,Sunday,False,False
0.6840411840411841,0.37407407407407406,0.8325508607198748,0,Sunday,False,False
0.6254826254826255,0.6456228956228955,0.5478730971688718,0,Sunday,False,False
0.43886743886743884,0.44528619528619523,0.54403186797553,0,Sunday,False,False
0.6467181467181466,0.7050505050505049,0.7010954616588418,0,Sunday,False,False
0.3507078507078506,0.38164983164983163,0.5511452553706075,0,Sunday,False,False
0.45431145431145414,0.5419191919191919,0.6302461232038699,0,Sunday,False,False
0.40604890604890587,0.3543771043771043,1.0,0,Sunday,False,False
0.516087516087516,0.856060606060606,0.591549295774648,0,Sunday,False,False
0.9465894465894469,0.2949494949494949,0.567790581875089,0,Sunday,False,False
0.13963963963963946,0.5471380471380471,0.5061886470337176,0,Sunday,False,False
0.6325611325611326,0.6016835016835016,0.8031014369042537,0,Sunday,False,False
0.1885456885456884,0.5646464646464646,0.6056338028169015,0,Sunday,False,False
0.4086229086229085,0.4638047138047137,0.5057618437900129,0,Sunday,False,False
0.7104247104247104,0.473063973063973,0.9263053065869966,0,Sunday,False,False
0.5122265122265122,0.5023569023569023,0.9472186655285249,0,Sunday,False,False
0.292149292149292,0.4702020202020201,0.5161473893868259,0,Sunday,False,False
0.36164736164736155,0.6572390572390572,0.24598093612178118,0,Sunday,False,False
0.6312741312741312,0.867171717171717,0.8592971973253665,0,Sunday,False,False
0.3590733590733589,0.40117845117845113,0.4982216531512307,0,Sunday,False,False
0.5418275418275418,0.2643097643097642,0.8130601792573624,1,Sunday,False,True
0.509009009009009,0.48013468013468,0.2239294351970409,0,Sunday,False,False
0.37451737451737444,0.9292929292929291,0.8348271446862996,1,Sunday,True,False
0.9137709137709138,0.3595959595959595,0.38583013230900554,1,Sunday,False,False
0.6222651222651223,0.7708754208754207,0.8002560819462228,0,Sunday,False,False
0.10875160875160853,0.7774410774410774,0.6473182529520558,0,Sunday,False,False
0.536036036036036,0.4016835016835017,0.44074548299900407,0,Sunday,False,False
0.3719433719433718,0.5907407407407406,0.5574050362782758,0,Sunday,False,False
0.6647361647361648,0.7690235690235689,0.790724142836819,0,Sunday,False,False
0.34684684684684675,0.4311447811447811,0.6669512021624697,0,Sunday,False,False
0.4781209781209781,0.46060606060606063,0.7690994451557831,0,Sunday,False,False
0.5971685971685972,0.3969696969696969,1.0,0,Sunday,False,False
0.6673101673101673,0.324074074074074,0.3105704936690852,0,Sunday,False,False
0.26833976833976825,0.3856902356902356,0.9894721866552854,0,Sunday,False,False
0.4356499356499356,0.2888888888888888,0.6666666666666665,0,Sunday,False,False
0.4086229086229085,0.5006734006734006,0.4525537060748329,0,Sunday,False,False
0.3738738738738737,0.3653198653198652,0.3605064731825295,0,Sunday,False,False
0.8410553410553412,0.5343434343434343,0.6039265898420827,0,Sunday,False,False
0.5778635778635779,0.23299663299663292,0.8409446578460662,0,Sunday,False,False
0.2567567567567566,0.5506734006734006,0.617157490396927,0,Sunday,False,False
0.676962676962677,0.6353535353535353,0.9668516147389388,0,Sunday,False,False
0.9099099099099102,0.15925925925925916,0.33461374306444724,0,Sunday,False,False
0.6994851994851995,0.5579124579124579,0.6417698107838952,0,Sunday,False,False
0.20656370656370646,0.7016835016835017,0.37700953193910947,0,Sunday,False,False
0.4066924066924067,0.29124579124579114,0.7218665528524684,0,Sunday,False,False
0.7445302445302446,0.7765993265993265,0.8335467349551857,0,Sunday,False,False
0.3635778635778635,0.5654882154882155,0.5545596813202447,1,Sunday,False,False
0.5855855855855856,0.37626262626262624,0.08863280694266606,0,Sunday,False,False
0.6492921492921493,0.4855218855218854,0.6867264191207854,0,Sunday,False,False
0.321106821106821,0.5888888888888888,0.737516005121639,0,Sunday,False,False
0.48841698841698833,0.5077441077441076,0.730544885474463,0,Sunday,False,False
0.0,0.5856902356902356,0.9080950348555983,0,Sunday,False,False
0.3024453024453023,0.33989898989898987,0.4157063593683312,0,Sunday,False,False
0.451093951093951,0.5234006734006733,0.7894437331057049,0,Sunday,False,False
0.2593307593307592,0.2569023569023568,0.8988476312419975,1,Sunday,False,True
0.8153153153153154,0.4762626262626262,0.2647602788447859,0,Sunday,False,False
0.2239382239382238,0.34276094276094277,0.7124768814909661,0,Sunday,False,False
0.4150579150579149,0.371043771043771,0.5367762128325508,0,Sunday,False,False
0.525096525096525,0.7030303030303029,0.626973965002134,0,Sunday,False,False
0.7779922779922781,0.6786195286195285,0.7185943946507327,0,Sunday,False,False
0.22265122265122253,0.5974747474747475,0.5403329065300896,0,Sunday,False,False
0.7245817245817247,0.31111111111111106,0.5000711338739507,0,Sunday,False,False
0.5019305019305018,0.4417508417508417,0.6515862853891023,0,Sunday,False,False
0.31081081081081063,0.6991582491582491,0.41229193341869397,0,Sunday,False,False
0.5894465894465895,0.5188552188552189,0.41257646891449706,0,Sunday,False,False
0.5386100386100385,0.8853535353535351,0.7893014653578034,0,Sunday,False,False
0.38416988416988407,0.5611111111111111,0.39920330061175135,0,Sunday,False,False
0.5135135135135135,0.5272727272727273,0.7864561103997723,0,Sunday,False,False
0.42535392535392524,0.4429292929292928,0.7430644472897994,0,Sunday,False,False
0.5218790218790218,0.5175084175084175,0.27599943092900836,0,Sunday,False,False
0.6280566280566281,0.46936026936026926,0.49978659837814776,0,Sunday,False,False
0.8063063063063064,0.6141414141414141,0.8991321667378005,0,Sunday,False,False
0.26126126126126115,0.656060606060606,0.43491250533504056,0,Sunday,False,False
0.911840411840412,0.3626262626262626,0.5451700099587424,0,Sunday,False,False
0.12290862290862267,0.27087542087542077,0.7429221795418979,0,Sunday,False,False
0.4703989703989703,0.18585858585858578,0.8114952340304453,0,Sunday,False,False
0.6132561132561133,0.5804713804713804,0.5906956892872386,0,Sunday,False,False
0.5540540540540541,0.3092592592592592,0.5168587281263338,0,Monday,False,False
0.3796653796653796,0.13249158249158244,0.9479300042680325,0,Monday,False,False
0.46010296010296003,0.5604377104377103,1.0,0,Monday,False,False
0.40476190476190466,0.9146464646464647,0.8531796841655999,0,Monday,False,False
0.386100386100386,0.49393939393939384,0.6625409019775217,0,Monday,False,False
0.6640926640926642,0.6360269360269359,0.47190211978944374,0,Monday,False,False
0.5688545688545689,0.5087542087542087,0.467065016360791,0,Monday,False,False
0.366151866151866,0.47828282828282825,0.755868544600939,0,Monday,False,False
0.6737451737451737,0.6496632996632996,0.7336747759282971,0,Monday,False,False
0.5592020592020591,0.4461279461279461,0.9433774363351828,0,Monday,False,False
0.657014157014157,0.5398989898989899,0.7831839521980368,0,Monday,False,False
0.6216216216216217,0.5491582491582492,0.3235168587281264,0,Monday,False,False
0.33976833976833964,0.3824915824915825,0.8688291364347702,0,Monday,False,False
0.3918918918918918,0.6619528619528618,0.4313558116375018,0,Monday,False,False
0.6441441441441441,0.46548821548821545,0.56238440745483,0,Monday,False,False
0.6177606177606177,0.36767676767676755,0.6976810357092047,0,Monday,False,False
0.49613899613899604,0.5853535353535353,1.0,1,Monday,False,True
0.5225225225225224,0.3437710437710438,1.0,0,Monday,False,False
0.7464607464607466,0.49966329966329964,0.7737942808365343,0,Monday,False,False
0.386100386100386,0.4934343434343433,0.6052069995731968,0,Monday,False,False
0.6055341055341056,0.6777777777777776,0.7584293640631667,0,Monday,False,False
0.46074646074646075,0.5749158249158248,0.8336890027030872,0,Monday,False,False
0.4581724581724581,0.49074074074074064,0.5758998435054773,0,Monday,False,False
0.7123552123552125,0.6326599326599327,1.0,0,Monday,False,False
0.6595881595881596,0.7289562289562288,0.6934130032721582,0,Monday,False,False
0.657014157014157,0.5888888888888888,0.7506046379285816,0,Monday,False,False
0.7522522522522523,0.4966329966329966,0.7864561103997723,0,Monday,False,False
0.5038610038610039,0.2740740740740741,0.7342438469199031,0,Monday,False,False
0.631917631917632,0.3156565656565657,0.8233034571062741,0,Monday,False,False
0.44015444015444005,0.4436026936026936,0.5125906956892872,0,Monday,False,False
0.5624195624195625,0.39225589225589214,0.5252525252525252,0,Monday,False,False
0.47490347490347484,0.4634680134680134,0.4095888462085645,0,Monday,False,False
0.5186615186615186,0.5045454545454544,0.7380850761132451,0,Monday,False,False
0.6151866151866151,0.5841750841750841,0.8104993597951347,0,Monday,False,False
0.3423423423423423,0.4831649831649831,0.7420685730544887,0,Monday,False,False
0.9041184041184043,0.5769360269360269,1.0,0,Monday,False,False
0.30566280566280557,0.5057239057239058,0.6431924882629108,0,Monday,False,False
0.2657657657657656,0.16245791245791247,0.7870251813913787,0,Monday,False,False
0.7232947232947233,0.3368686868686868,0.4112960591833831,0,Monday,False,False
0.6525096525096524,0.4707070707070707,0.5616730687153222,0,Monday,False,False
0.6203346203346203,0.29124579124579114,0.7927158913074408,0,Monday,False,False
0.6216216216216217,0.5959595959595958,0.8255797410726988,0,Monday,False,False
0.49742599742599747,0.7526936026936026,0.5815905534215393,0,Monday,False,False
0.32689832689832676,0.70016835016835,0.6291079812206575,0,Monday,False,False
0.5148005148005148,0.45909090909090905,0.32038696827429214,0,Monday,False,False
0.36936936936936926,0.7459595959595957,0.568075117370892,0,Monday,False,False
0.6885456885456885,0.5200336700336701,0.8344003414425949,0,Monday,False,False
0.4716859716859716,0.4382154882154882,0.7671076966851613,0,Monday,False,False
0.34041184041184025,0.3917508417508417,0.751173708920188,0,Monday,False,False
0.4382239382239381,0.44410774410774406,0.6550007113387395,0,Monday,False,False
0.5797940797940798,0.42962962962962953,0.6458955754730402,0,Monday,False,False
0.39124839124839117,0.5235690235690236,0.5034855598235879,0,Monday,False,False
0.34105534105534097,0.5220538720538721,0.7934272300469485,0,Monday,False,False
0.546975546975547,0.4954545454545454,0.7341015791720018,0,Monday,False,False
0.546975546975547,0.5685185185185184,0.7493242281974677,0,Monday,False,False
0.4021879021879021,0.6954545454545453,0.5320813771517997,0,Monday,False,False
0.4092664092664091,0.6548821548821548,0.18480580452411444,0,Monday,False,False
0.5450450450450449,0.24494949494949486,0.8785033432920757,0,Monday,False,False
0.2207207207207206,0.06498316498316498,0.5421823872528096,0,Monday,False,False
0.2284427284427283,0.6521885521885522,0.4602361644615166,0,Monday,False,False
0.36100386100386084,0.2648148148148148,0.7922890880637361,0,Monday,False,False
0.4588159588159587,0.457070707070707,0.5606771944800114,0,Monday,False,False
0.5598455598455598,0.29797979797979784,0.870536349409589,0,Monday,False,False
0.7850707850707851,0.19158249158249158,0.7760705648029593,0,Monday,False,False
0.6653796653796654,0.5860269360269359,0.7901550718452126,0,Monday,False,False
0.46911196911196906,0.6227272727272728,0.3528240147958458,0,Monday,False,False
0.49613899613899604,0.39781144781144767,0.9029733959311426,0,Monday,False,False
0.3063063063063062,0.058754208754208725,0.7000995874235312,0,Monday,False,False
0.49613899613899604,0.403030303030303,0.565514297908664,1,Monday,False,True
0.444015444015444,0.5609427609427609,0.6749181960449566,0,Monday,False,False
0.5624195624195625,0.24595959595959588,0.2653293498363921,0,Monday,False,False
0.34041184041184025,0.5257575757575756,0.7315407597097738,0,Monday,False,False
0.6003861003861004,0.4924242424242424,0.4246692274861289,0,Monday,False,False
0.796010296010296,0.5924242424242423,0.35566936975387675,0,Monday,False,False
0.4787644787644787,0.5151515151515151,0.31939109403898136,0,Monday,False,False
0.5778635778635779,0.33114478114478113,0.8817755014938113,0,Monday,False,False
0.6332046332046333,0.6964646464646462,0.5100298762270594,0,Monday,False,False
0.4227799227799227,0.4681818181818181,0.9716887181675915,0,Monday,False,False
0.5431145431145431,0.49040404040404034,0.5299473609332763,0,Monday,False,False
0.5025740025740024,0.33787878787878783,0.2799829278702518,0,Monday,False,False
0.5186615186615186,0.42037037037037034,0.40603215251102576,0,Monday,False,False
0.3507078507078506,0.34595959595959586,0.9080950348555983,1,Monday,False,False
0.5045045045045045,0.46582491582491586,0.6110399772371602,0,Monday,False,False
0.5958815958815958,0.7831649831649832,0.5273865414710486,0,Monday,False,False
0.7799227799227799,0.2639730639730639,0.6784748897424955,0,Monday,False,False
0.6853281853281854,0.22323232323232317,0.751458244415991,1,Monday,False,True
0.9157014157014158,0.7425925925925925,0.8827713757291222,0,Monday,False,False
0.3519948519948519,0.45976430976430965,0.953478446436193,0,Monday,False,False
0.6685971685971686,0.38232323232323234,0.5675060463792857,0,Monday,False,False
0.5353925353925354,0.67003367003367,0.36136007966993877,0,Monday,False,False
0.9227799227799229,0.39292929292929285,0.5561246265471618,0,Monday,False,False
0.3442728442728442,0.8023569023569024,0.6998150519277282,0,Monday,False,False
0.3378378378378377,0.6090909090909091,0.4386114667804809,0,Monday,False,False
0.38416988416988407,0.41279461279461266,0.4400341442594964,0,Monday,False,False
0.09009009009008986,0.8580808080808078,0.7177407881633233,0,Monday,False,False
0.39832689832689827,0.39292929292929285,0.63394508464931,0,Monday,False,False
0.35328185328185313,0.6198653198653199,0.6513017498932991,0,Monday,False,False
0.5289575289575289,0.5452861952861954,0.4824299331341585,0,Monday,False,False
0.5662805662805662,0.7141414141414142,0.5951059894721868,0,Monday,False,False
0.8622908622908625,0.7579124579124579,0.4471475316545739,0,Monday,False,False
0.6833976833976834,0.5003367003367003,0.8342580736946934,0,Monday,False,False
0.3886743886743885,0.3681818181818181,0.8652724427372316,0,Monday,False,False
0.32625482625482616,0.5723905723905724,0.2503912363067293,0,Monday,False,False
0.5952380952380952,0.38080808080808076,0.4460093896713615,0,Monday,False,False
0.24517374517374504,0.8338383838383836,0.3249395362071418,0,Monday,False,False
0.8532818532818534,0.5180134680134678,0.5056195760421113,0,Monday,False,False
0.7277992277992278,0.43350168350168344,0.6265471617584293,0,Monday,False,False
0.4092664092664091,0.5260942760942762,0.33504054630815194,0,Monday,False,False
0.16924066924066908,0.26818181818181813,0.4475743348982786,0,Monday,False,False
0.7612612612612614,0.3313131313131313,0.4300754019063878,0,Monday,False,False
0.4781209781209781,0.6969696969696968,0.6885758998435054,0,Monday,False,False
0.7387387387387389,0.38434343434343426,0.6591264760278845,0,Monday,False,False
0.19240669240669225,0.31868686868686863,0.4902546592687438,0,Monday,False,False
0.38416988416988407,0.5853535353535353,0.6820315834400343,1,Monday,True,False
0.5012870012870012,0.6946127946127945,0.5276710769668516,0,Monday,False,False
0.509009009009009,0.6159932659932659,0.5864276568501923,0,Monday,False,False
0.4131274131274131,0.6626262626262625,1.0,0,Monday,False,False
0.6203346203346203,0.3675084175084175,0.9304310712761417,0,Monday,False,False
0.2940797940797939,0.2555555555555555,0.3670507895860008,0,Monday,False,False
0.4723294723294723,0.7476430976430977,0.821453976383554,0,Monday,False,False
0.5231660231660231,0.44057239057239056,0.8174704794423104,0,Monday,False,False
0.5990990990990991,0.45269360269360265,0.39934556835965285,0,Monday,False,False
0.6370656370656371,0.7185185185185183,0.8190354246692275,0,Monday,False,False
0.28314028314028306,0.5885521885521885,0.9725423246550007,0,Monday,False,False
0.20398970398970387,0.5717171717171716,0.40475174277991177,0,Monday,False,False
0.7464607464607466,0.8594276094276094,0.44857020913358947,0,Monday,False,False
0.5643500643500643,0.38653198653198656,0.8614312135438897,0,Monday,False,False
0.35521235521235517,0.6511784511784511,0.7022336036420542,0,Monday,False,False
0.7992277992277993,0.5045454545454544,0.7619860577607056,0,Monday,False,False
0.5225225225225224,0.5402356902356902,0.7170294494238156,0,Monday,False,False
0.7277992277992278,0.7521885521885521,0.727699530516432,0,Monday,False,False
0.5128700128700128,0.5804713804713804,0.3612178119220373,0,Monday,False,False
0.8976833976833978,0.5855218855218856,0.8678332621994593,0,Monday,False,False
0.8391248391248392,0.6755892255892255,0.8938682600654433,0,Monday,False,False
0.4517374517374516,0.43350168350168344,0.5953905249679898,0,Monday,False,False
0.6872586872586873,0.3537037037037037,0.6350832266325224,0,Monday,False,False
0.6248391248391248,0.31902356902356893,0.3175416133162612,0,Monday,False,False
0.7644787644787645,0.16397306397306394,0.7540190638782187,0,Monday,False,False
0.314028314028314,0.8410774410774411,0.7663963579456536,0,Monday,False,False
0.6325611325611326,0.3092592592592592,0.6310997296912788,0,Monday,False,False
0.7046332046332047,0.45774410774410773,0.8843363209560393,0,Monday,False,False
0.16023166023166005,0.44831649831649817,0.5730544885474462,0,Monday,False,False
0.2715572715572714,0.5466329966329966,0.7648314127187366,0,Monday,False,False
0.10617760617760597,0.6323232323232322,0.42680324370465217,0,Monday,False,False
0.44787644787644776,0.6397306397306397,0.6393512590695691,0,Monday,False,False
0.6383526383526383,0.39680134680134677,0.6070564802959169,0,Monday,False,False
0.7902187902187903,0.46683501683501677,0.6924171290368473,0,Monday,False,False
0.5141570141570142,0.5425925925925925,0.565514297908664,0,Monday,False,False
0.8146718146718148,0.45303030303030295,0.6163038839095178,0,Monday,False,False
0.23359073359073348,0.7654882154882152,0.8206003698961446,0,Monday,False,False
0.17117117117117095,0.5776094276094275,0.5511452553706075,0,Monday,False,False
0.48906048906048905,0.6186868686868687,0.3014653578033859,0,Monday,False,False
0.574002574002574,0.6065656565656565,1.0,0,Monday,False,False
0.4935649935649935,0.6924242424242422,0.9391094038981362,0,Monday,False,False
0.10102960102960082,0.5254208754208753,0.3686157348129179,0,Monday,False,False
0.48262548262548255,0.27659932659932657,0.7915777493242282,0,Monday,False,False
0.24839124839124824,0.5622895622895623,0.5370607483283539,0,Monday,False,False
0.6293436293436293,0.3853535353535354,0.7005263906672359,0,Monday,False,False
0.5707850707850708,0.4058922558922559,0.707070707070707,0,Monday,False,False
0.31853281853281845,0.5936026936026935,0.5942523829847774,1,Monday,False,True
0.4009009009009008,0.7033670033670032,0.47702375871389957,0,Monday,False,False
0.2953667953667952,0.4984848484848485,0.4969412434201167,0,Monday,False,False
0.4877734877734877,0.5469696969696969,0.44885474462939245,0,Monday,False,False
0.6846846846846847,0.7814814814814812,0.4667804808649879,0,Monday,False,False
0.3095238095238094,0.5355218855218855,0.6299615877080664,0,Monday,False,False
0.5971685971685972,0.9329966329966328,0.49153506899985777,0,Monday,False,False
0.39768339768339755,0.5902356902356902,0.7898705363494096,1,Monday,False,False
0.34684684684684675,0.19848484848484843,0.9617299758144828,0,Monday,False,False
0.4794079794079793,0.6217171717171717,0.5205576895717741,0,Monday,False,False
0.2998712998712997,0.5590909090909091,0.6954047517427799,0,Monday,False,False
0.3931788931788931,0.7121212121212119,0.7510314411722863,0,Monday,False,False
0.26898326898326885,0.608249158249158,0.7450561957604211,0,Monday,False,False
0.8790218790218791,0.4717171717171716,0.6605491535068999,0,Monday,False,False
0.507078507078507,0.2888888888888888,0.8028169014084507,0,Monday,False,False
0.3648648648648648,0.45976430976430965,0.7471902119789444,0,Monday,False,False
0.5411840411840412,0.35168350168350165,0.380281690140845,0,Monday,False,False
0.4781209781209781,0.39713804713804707,0.8298477735097454,0,Monday,False,False
0.4575289575289574,0.594107744107744,0.8336890027030872,0,Monday,False,False
0.6184041184041184,0.776094276094276,0.4814340588988476,0,Monday,False,False
0.646074646074646,0.5614478114478114,0.6524398918765115,0,Monday,False,False
0.39768339768339755,0.2936026936026936,0.7901550718452126,0,Monday,False,False
0.3886743886743885,0.5698653198653199,0.5996585574050364,1,Monday,True,False
0.44658944658944655,0.6964646464646462,0.8732394366197185,0,Monday,False,False
0.0553410553410551,0.39225589225589214,1.0,0,Monday,False,False
0.20720720720720706,0.4723905723905723,0.47659695547019487,0,Monday,False,False
0.7638352638352639,0.49747474747474746,0.34955185659411014,0,Monday,False,False
0.8172458172458174,0.3627946127946127,0.7092047232892305,0,Monday,False,False
0.4517374517374516,0.6040404040404039,0.798264333475601,0,Monday,False,False
0.6113256113256114,0.4745791245791245,0.5951059894721868,0,Monday,False,False
0.5598455598455598,0.5656565656565657,0.9544743206715038,0,Monday,False,False
1.0,0.34562289562289567,0.3586569924598094,0,Monday,False,False
0.7162162162162162,0.42138047138047136,0.7921468203158344,0,Monday,False,False
0.47554697554697545,0.6164983164983164,0.5150092474036135,0,Monday,False,False
0.3153153153153152,0.4321548821548821,1.0,0,Monday,False,False
0.18983268983268967,0.7856902356902355,1.0,0,Monday,False,False
0.5392535392535391,0.4276094276094276,0.4807227201593399,0,Monday,False,False
0.35392535392535385,0.5328282828282829,0.5271020059752455,0,Monday,False,False
0.22522522522522512,0.6520202020202019,0.8277137572912221,0,Monday,False,False
0.37516087516087504,0.2562289562289562,0.5616730687153222,0,Monday,False,False
0.29150579150579137,0.19848484848484843,0.6346564233888177,0,Monday,False,False
0.8256113256113258,0.238047138047138,0.6497368046663821,0,Monday,False,False
0.66988416988417,0.7075757575757575,0.23459951628965714,0,Monday,False,False
0.4987129987129987,0.4020202020202019,0.6413430075401907,0,Monday,False,False
0.7857142857142858,0.9255892255892255,0.4970835111680183,0,Monday,False,False
0.5148005148005148,0.39999999999999997,0.5390524967989756,0,Monday,False,False
0.33397683397683386,0.5260942760942762,0.9523403044529806,0,Monday,False,False
0.7940797940797941,0.7545454545454544,0.37615592545170007,0,Monday,False,False
0.6042471042471041,0.8326599326599327,0.8178972826860151,0,Monday,False,False
0.2998712998712997,0.842087542087542,0.584862711623275,0,Monday,False,False
0.4633204633204633,0.6983164983164982,0.584578176127472,0,Monday,False,False
0.3307593307593306,0.6673400673400673,0.8130601792573624,0,Monday,False,False
0.23294723294723277,0.5947811447811446,0.7168871816759139,0,Monday,False,False
0.6788931788931789,0.625925925925926,0.7661118224498507,0,Monday,False,False
0.8687258687258688,0.40218855218855215,0.8509034001991749,0,Monday,False,False
0.22972972972972958,0.3572390572390572,0.5736235595390525,0,Monday,False,False
0.6087516087516087,0.4944444444444444,0.5137288376724995,0,Monday,False,False
0.37451737451737444,0.4663299663299662,0.41271873666239867,0,Monday,False,False
0.40604890604890587,0.4186868686868686,0.4682031583440034,0,Monday,False,False
0.3854568854568854,0.6121212121212121,1.0,0,Monday,False,False
0.33333333333333326,0.6557239057239055,0.9099445155783183,0,Monday,False,False
0.5096525096525096,0.5097643097643099,0.35595390524967985,0,Monday,False,False
0.33976833976833964,0.7437710437710436,0.36207141840944657,0,Monday,False,False
0.5521235521235521,0.3026936026936026,0.7471902119789444,0,Monday,False,False
0.49034749034749026,0.46228956228956225,0.7611324512732962,0,Monday,False,False
0.45366795366795354,0.3742424242424242,0.7614169867690994,1,Monday,True,False
0.32496782496782484,0.18063973063973054,0.5899843505477309,0,Monday,False,False
0.3886743886743885,0.480976430976431,0.6175842936406317,0,Monday,False,False
0.646074646074646,0.47441077441077434,0.7143263622136862,0,Monday,False,False
0.5965250965250966,0.7496632996632995,0.6626831697254234,0,Monday,False,False
0.31145431145431135,0.6011784511784513,0.17072129748186082,0,Monday,False,False
0.5193050193050193,0.32255892255892243,0.5952482572200881,0,Monday,False,False
0.6447876447876448,0.807070707070707,0.46265471617584286,0,Monday,False,False
0.17760617760617745,0.7005050505050505,0.6817470479442309,0,Monday,False,False
0.604890604890605,0.5929292929292929,1.0,0,Monday,False,False
0.3719433719433718,0.45690235690235687,0.7227201593398778,0,Monday,False,False
0.61003861003861,0.33350168350168335,0.5774647887323943,1,Monday,True,False
0.3526383526383525,0.4323232323232323,0.8410869255939679,0,Monday,False,False
0.15186615186615168,0.6782828282828282,0.7473324797268459,1,Monday,True,False
0.1859716859716858,0.8122895622895621,0.7339593114241001,0,Monday,False,False
0.509009009009009,0.7547138047138047,0.7737942808365343,0,Monday,False,False
0.5501930501930501,0.4126262626262626,1.0,0,Monday,False,False
0.32561132561132555,0.3063973063973063,0.4030445298050932,0,Monday,False,False
0.6235521235521235,0.5186868686868686,0.7453407312562241,0,Monday,False,False
0.17953667953667932,0.19730639730639726,0.4465784606629677,0,Monday,False,False
0.4871299871299871,0.5493265993265992,0.762839664248115,0,Monday,False,False
0.2664092664092663,0.4700336700336701,0.44828567363778626,0,Monday,False,False
0.3738738738738737,0.41649831649831653,0.5552710200597524,0,Monday,False,False
0.509009009009009,0.22643097643097637,0.5813060179257361,0,Monday,False,False
0.33397683397683386,0.5814814814814815,0.8526106131739934,0,Monday,False,False
0.42599742599742585,0.4052188552188552,0.8403755868544602,0,Monday,False,False
0.6943371943371943,0.29797979797979784,0.37843220941812494,0,Monday,False,False
0.3886743886743885,0.011447811447811429,0.6559965855740504,0,Monday,False,False
0.6615186615186616,0.4902356902356902,0.49295774647887325,0,Monday,False,False
0.28185328185328173,0.7932659932659931,0.37572912220799537,0,Monday,False,False
0.6023166023166023,0.7745791245791245,0.5979513444302176,0,Monday,False,False
0.7779922779922781,0.418013468013468,0.5784606629677054,0,Monday,False,False
0.023166023166022925,0.39360269360269345,1.0,0,Monday,False,False
0.34620334620334614,0.5739057239057239,0.7366623986342296,0,Monday,False,False
0.6113256113256114,0.3269360269360269,0.35040546308151943,0,Monday,False,False
0.46074646074646075,0.5457912457912457,0.5238298477735097,0,Monday,False,False
0.5714285714285714,0.6239057239057237,0.8622848200312989,0,Monday,False,False
0.38352638352638335,0.7015151515151514,1.0,0,Monday,False,False
0.5167310167310166,0.4781144781144781,0.30587565798833405,0,Monday,False,False
0.46975546975546967,0.46060606060606063,0.24313558116375011,1,Monday,False,False
0.7252252252252253,0.347138047138047,1.0,0,Monday,False,False
0.5489060489060489,0.3557239057239056,0.7274149950206288,0,Monday,False,False
0.5649935649935649,0.45690235690235687,0.4590980224783041,0,Monday,False,False
0.42020592020592007,0.5567340067340067,0.7584293640631667,0,Monday,False,False
0.40604890604890587,0.6488215488215487,0.08180395504339166,0,Monday,False,False
0.4163449163449162,0.3597643097643097,0.645041968985631,0,Monday,False,False
0.5759330759330759,0.7462962962962962,0.7143263622136862,0,Monday,False,False
0.41891891891891886,0.4493265993265993,0.8415137288376726,0,Monday,False,False
0.5559845559845559,0.49141414141414136,0.42794138568786455,0,Monday,False,False
0.900900900900901,0.3691919191919191,0.6626831697254234,0,Monday,False,False
0.667953667953668,0.08686868686868687,0.4468629961587708,0,Monday,False,False
0.4369369369369368,0.6437710437710438,0.6988191776924171,0,Monday,False,False
0.7316602316602316,0.619023569023569,0.4532650448143406,0,Monday,False,False
0.4214929214929214,0.44764309764309757,0.5572627685303742,0,Monday,False,False
0.1068211068211066,0.5062289562289561,0.4317826148812065,0,Monday,False,False
0.30566280566280557,0.5818181818181818,0.7833262199459383,0,Monday,False,False
0.1389961389961388,0.23181818181818176,0.8275714895433204,0,Monday,False,False
0.43243243243243235,0.4058922558922559,0.5942523829847774,0,Monday,False,False
0.5038610038610039,0.6286195286195286,0.6524398918765115,0,Monday,False,False
0.8236808236808237,0.28383838383838383,0.33518281405605355,0,Monday,False,False
0.5630630630630631,0.5444444444444443,0.5803101436904254,0,Monday,False,False
0.4575289575289574,0.2664983164983164,0.633660549153507,0,Monday,False,False
0.6602316602316602,0.5734006734006734,1.0,0,Monday,False,False
0.07335907335907316,0.4888888888888889,0.40702802674633665,0,Monday,False,False
0.5456885456885457,0.22306397306397302,0.9567506046379286,0,Tuesday,False,False
0.6486486486486487,0.691077441077441,0.8570209133589417,0,Tuesday,False,False
0.2142857142857141,0.37121212121212116,0.704225352112676,0,Tuesday,False,False
0.7207207207207208,0.3585858585858585,1.0,0,Tuesday,False,False
0.5656370656370656,0.5287878787878788,0.7237160335751884,0,Tuesday,False,False
0.41956241956241946,0.6883838383838383,0.7274149950206288,0,Tuesday,False,False
0.6222651222651223,0.323905723905724,0.6329492104139991,0,Tuesday,False,False
0.9382239382239383,0.5053872053872053,0.9053919476454688,0,Tuesday,False,False
0.5353925353925354,0.5671717171717172,0.8783610755441742,1,Tuesday,False,False
0.5476190476190476,0.6116161616161615,0.5107412149665671,0,Tuesday,False,False
0.41119691119691104,0.5245791245791245,0.36278275714895436,0,Tuesday,False,False
0.3359073359073358,0.43316498316498314,0.6010812348840517,0,Tuesday,False,False
0.6602316602316602,0.35555555555555546,0.4736093327642623,0,Tuesday,False,False
0.33462033462033447,0.5094276094276093,0.6308151941954758,0,Tuesday,False,False
0.5135135135135135,0.3144781144781144,0.9083795703514015,0,Tuesday,False,False
0.4079794079794079,0.0031986531986531452,0.5467349551856594,0,Tuesday,False,False
0.5926640926640926,0.5685185185185184,0.6352254943804239,0,Tuesday,False,False
0.5643500643500643,0.647138047138047,0.6567079243135583,0,Tuesday,False,False
0.7001287001287001,0.09713804713804713,0.8254374733247973,0,Tuesday,False,False
0.4015444015444015,0.3249158249158249,0.1648883198178972,0,Tuesday,False,False
0.44787644787644776,0.599158249158249,0.5148669796557122,0,Tuesday,False,False
0.31081081081081063,0.8412457912457911,0.6894295063309148,0,Tuesday,False,False
0.4144144144144143,0.4984848484848485,0.9004125764689146,0,Tuesday,False,False
0.5727155727155727,0.3723905723905723,0.5393370322947788,0,Tuesday,False,False
0.646074646074646,0.46414141414141413,0.2438469199032579,0,Tuesday,False,False
0.3217503217503217,0.7264309764309764,0.7766396357945653,0,Tuesday,False,False
0.667953667953668,0.38619528619528615,0.5087494664959453,1,Tuesday,False,True
0.761904761904762,0.3604377104377104,0.39052496798975667,0,Tuesday,False,False
0.5797940797940798,0.41363636363636364,0.5110257504623701,0,Tuesday,False,False
0.8622908622908625,0.3345117845117845,0.6049224640773938,0,Tuesday,False,False
0.3507078507078506,0.5156565656565655,0.5152937828994169,0,Tuesday,False,False
0.2599742599742598,0.7685185185185184,0.1737089201877935,0,Tuesday,False,False
0.1563706563706562,0.5493265993265992,0.8358230189216105,0,Tuesday,False,False
0.7889317889317891,0.4525252525252524,0.9163465642338884,0,Tuesday,False,False
0.6261261261261262,0.4457912457912457,0.7833262199459383,0,Tuesday,False,False
0.48906048906048905,0.23181818181818176,0.4014795845781761,0,Tuesday,False,False
0.5540540540540541,0.6436026936026935,0.601365770379855,0,Tuesday,False,False
0.28249678249678234,0.48181818181818176,0.6429079527671078,0,Tuesday,False,False
0.9723294723294724,0.4646464646464647,0.7720870678617158,0,Tuesday,False,False
0.525096525096525,1.0,0.7870251813913787,0,Tuesday,False,False
0.5212355212355212,0.5452861952861954,0.4876938398065159,0,Tuesday,False,False
0.6402831402831403,0.36835016835016826,0.661829563238014,0,Tuesday,False,False
0.5926640926640926,0.42323232323232324,0.741926305306587,0,Tuesday,False,False
0.5431145431145431,0.6882154882154881,0.95504339166311,1,Tuesday,False,False
0.34749034749034735,0.513973063973064,0.7947076397780621,0,Tuesday,False,False
0.5907335907335908,0.25286195286195273,0.8127756437615594,0,Tuesday,False,False
0.8635778635778637,0.6496632996632996,0.6622563664817187,0,Tuesday,False,False
0.7599742599742599,0.3824915824915825,0.9453691848058046,0,Tuesday,False,False
0.8075933075933076,0.8102693602693603,0.731825295205577,0,Tuesday,False,False
0.4015444015444015,0.6767676767676767,0.4605206999573197,0,Tuesday,False,False
0.3088803088803088,0.4196969696969696,0.9438042395788875,0,Tuesday,False,False
0.47554697554697545,0.7106060606060605,0.7932849622990468,0,Tuesday,False,False
0.5109395109395108,0.5063973063973064,0.549722577891592,0,Tuesday,False,False
0.711068211068211,0.6385521885521885,0.5420401195049083,0,Tuesday,False,False
0.17310167310167293,0.5765993265993266,0.7076397780623134,0,Tuesday,False,False
0.7953667953667954,0.3525252525252525,0.7432067150377011,0,Tuesday,False,False
0.46975546975546967,0.38653198653198656,0.6864418836249822,0,Tuesday,False,False
0.41763191763191754,0.6683501683501682,0.7107696685161475,0,Tuesday,False,False
0.30437580437580425,0.4385521885521885,1.0,0,Tuesday,False,False
0.18082368082368064,0.4269360269360269,0.872954901123915,0,Tuesday,False,False
0.658944658944659,0.3341750841750842,0.6850192061459668,1,Tuesday,False,True
0.5141570141570142,0.5663299663299664,0.845212690283113,0,Tuesday,False,False
0.2509652509652508,0.842255892255892,0.4239578887466211,0,Tuesday,False,False
0.24967824967824956,0.3151515151515151,0.7292644757433491,0,Tuesday,False,False
0.435006435006435,0.49898989898989893,1.0,0,Tuesday,False,False
0.8223938223938224,0.7326599326599326,0.5978090766823161,0,Tuesday,False,False
0.4498069498069498,0.48148148148148145,0.46350832266325226,0,Tuesday,False,False
0.20978120978120965,0.571043771043771,0.5051927727984066,1,Tuesday,False,True
0.45238095238095233,0.31616161616161614,0.41186513017498927,0,Tuesday,False,False
0.44723294723294715,0.567003367003367,0.47688149096599797,0,Tuesday,False,False
0.0,0.4634680134680134,0.5652297624128609,0,Tuesday,False,False
0.48970398970398965,0.6609427609427607,0.3444302176696543,0,Tuesday,False,False
0.4555984555984556,0.6947811447811447,0.647602788447859,0,Tuesday,False,False
0.6344916344916345,0.930976430976431,0.8368188931569214,0,Tuesday,False,False
0.8571428571428572,0.5925925925925926,0.45056195760421114,0,Tuesday,False,False
0.7175032175032175,0.5498316498316498,0.9685588277137573,0,Tuesday,False,False
0.44787644787644776,0.5276094276094274,0.753307725138711,0,Tuesday,False,False
0.2863577863577862,0.4355218855218855,0.8642765685019205,0,Tuesday,False,False
0.996782496782497,0.5518518518518518,0.5039123630672926,0,Tuesday,False,False
0.5115830115830116,0.44528619528619523,0.8267178830559112,0,Tuesday,False,False
0.5025740025740024,0.5232323232323233,0.4112960591833831,0,Tuesday,False,False
0.49549549549549543,0.7168350168350168,0.8342580736946934,0,Tuesday,False,False
0.5379665379665379,0.32542087542087533,0.6810357092047232,0,Tuesday,False,False
0.4723294723294723,0.6868686868686866,0.7624128610044103,0,Tuesday,False,False
0.38931788931788913,0.7166666666666666,0.3935125906956892,1,Tuesday,False,False
0.3944658944658943,0.47508417508417505,0.4532650448143406,0,Tuesday,False,False
0.4935649935649935,0.13771043771043767,0.7718025323659126,0,Tuesday,False,False
0.3951093951093949,0.39259259259259255,0.44188362498221656,0,Tuesday,False,False
0.36229086229086216,0.7132996632996631,0.7432067150377011,0,Tuesday,False,False
0.5205920205920206,0.49107744107744106,0.3525394793000427,0,Tuesday,False,False
0.451093951093951,0.32676767676767665,0.8252952055768956,0,Tuesday,False,False
0.7902187902187903,0.40993265993266,0.3812775643761559,0,Tuesday,False,False
0.0,0.6365319865319865,0.7621283255086073,0,Tuesday,False,False
0.7104247104247104,0.587037037037037,0.7777777777777777,1,Tuesday,False,False
0.7406692406692408,0.4547138047138047,0.4956608336890027,0,Tuesday,False,False
0.09974259974259952,0.43316498316498314,0.7685303741641771,0,Tuesday,False,False
0.43371943371943367,0.4289562289562289,0.6999573196756295,0,Tuesday,False,False
0.4285714285714285,0.3397306397306397,0.5293782899416702,0,Tuesday,False,False
0.2284427284427283,0.7668350168350169,0.42907952767107693,0,Tuesday,False,False
0.35006435006435,0.4407407407407407,0.22549438042395786,0,Tuesday,False,False
0.2857142857142856,0.6998316498316497,0.7188789301465357,0,Tuesday,False,False
0.8384813384813385,0.7510101010101009,0.3104282259211837,0,Tuesday,False,False
0.6808236808236808,0.6629629629629628,0.664674918196045,0,Tuesday,False,False
0.7451737451737452,0.4222222222222222,0.5881348698250106,0,Tuesday,False,False
0.6396396396396397,0.5629629629629629,0.7893014653578034,0,Tuesday,False,False
0.28185328185328173,0.4909090909090908,0.5798833404467207,0,Tuesday,False,False
0.3989703989703989,0.34276094276094277,0.5740503627827572,0,Tuesday,False,False
0.5945945945945946,0.5494949494949495,0.800540617442026,0,Tuesday,False,False
0.2638352638352637,0.2964646464646465,0.7158913074406033,0,Tuesday,False,False
0.6377091377091377,0.694949494949495,0.7117655427514582,0,Tuesday,False,False
0.45366795366795354,0.4166666666666667,0.744487124768815,0,Tuesday,False,False
0.4279279279279279,0.5287878787878788,0.3166880068288519,0,Tuesday,False,False
0.6370656370656371,0.5425925925925925,0.8058045241143832,0,Tuesday,False,False
0.5855855855855856,0.4513468013468012,0.7750746905676482,0,Tuesday,False,False
0.4305019305019304,0.5937710437710437,0.42737231469625836,0,Tuesday,False,False
0.723938223938224,0.41498316498316495,0.5922606345141557,0,Tuesday,False,False
0.29150579150579137,0.6415824915824915,0.6359368331199318,0,Tuesday,False,False
0.6190476190476191,0.2683501683501683,0.6155925451700099,0,Tuesday,False,False
0.6145431145431145,0.516161616161616,0.7156067719448003,0,Tuesday,False,False
0.44015444015444005,0.8213804713804713,0.9497794849907526,0,Tuesday,False,False
0.5630630630630631,0.3265993265993266,0.87523118509034,0,Tuesday,False,False
0.2586872586872585,0.38080808080808076,0.36434770237587144,0,Tuesday,False,False
0.6782496782496783,0.5814814814814815,0.77706643903827,0,Tuesday,False,False
0.4646074646074645,0.5252525252525251,0.9278702518139139,0,Tuesday,False,False
0.3989703989703989,0.5540404040404039,0.7268459240290226,0,Tuesday,False,False
0.7027027027027027,0.5772727272727272,0.8770806658130601,0,Tuesday,False,False
0.3642213642213641,0.6018518518518519,1.0,0,Tuesday,False,False
0.22779922779922765,0.6818181818181817,0.8628538910229051,0,Tuesday,False,False
0.19948519948519935,0.563973063973064,0.6975387679613032,0,Tuesday,False,False
0.6171171171171171,0.4543771043771044,0.8674064589557549,0,Tuesday,False,False
0.2528957528957527,0.608249158249158,0.6752027315407598,0,Tuesday,False,False
0.8384813384813385,0.8148148148148147,0.6494522691705791,0,Tuesday,False,False
0.0978120978120976,0.47255892255892257,0.569355527102006,0,Tuesday,False,False
0.8275418275418276,0.3308080808080807,0.9779484990752596,0,Tuesday,False,False
0.5405405405405406,0.6813131313131313,0.46962583582301887,0,Tuesday,False,False
0.48133848133848134,0.47474747474747464,0.9714041826717883,0,Tuesday,False,False
0.3951093951093949,0.1291245791245791,0.7510314411722863,0,Tuesday,False,False
0.5772200772200772,0.6375420875420874,0.3457106274007682,0,Tuesday,False,False
0.4929214929214929,0.4048821548821548,0.7227201593398778,0,Tuesday,False,False
0.7129987129987131,0.4796296296296297,0.19618722435623848,0,Tuesday,False,False
0.5218790218790218,0.5508417508417509,0.7777777777777777,0,Tuesday,False,False
0.5289575289575289,0.5269360269360268,0.8332621994593825,0,Tuesday,False,False
0.4298584298584298,0.6143097643097644,0.5178546023616446,0,Tuesday,False,False
0.48906048906048905,0.42171717171717166,0.6706501636079101,0,Tuesday,False,False
0.5592020592020591,0.5813131313131312,1.0,0,Tuesday,False,False
0.16988416988416974,0.45117845117845107,0.5363494095888461,0,Tuesday,False,False
0.24002574002573987,0.6193602693602693,0.4184094465784606,0,Tuesday,False,False
0.6435006435006435,0.5984848484848484,0.960449566083369,0,Tuesday,False,False
0.5328185328185328,0.3375420875420874,1.0,0,Tuesday,False,False
0.4646074646074645,0.6777777777777776,0.6451842367335325,0,Tuesday,False,False
0.5038610038610039,0.40471380471380464,0.8601508038127756,0,Tuesday,False,False
0.5669240669240668,0.630976430976431,0.9305733390240434,0,Tuesday,False,False
0.39575289575289574,0.5567340067340067,0.48584435908379575,0,Tuesday,False,False
0.35006435006435,0.8043771043771042,0.5407597097737943,0,Tuesday,False,False
0.5379665379665379,0.45740740740740743,0.9069568928723857,0,Tuesday,False,False
0.31081081081081063,0.4361952861952861,1.0,0,Tuesday,False,False
0.5785070785070785,0.49175084175084177,0.7644046094750321,0,Tuesday,False,False
0.17117117117117095,0.4439393939393939,0.45653720301607625,0,Tuesday,False,False
0.6988416988416989,0.6296296296296295,1.0,0,Tuesday,False,False
0.5913770913770914,0.22289562289562287,0.5310855029164889,0,Tuesday,False,False
0.5495495495495495,0.31750841750841746,0.5727699530516431,0,Tuesday,False,False
0.6898326898326899,0.3151515151515151,0.7174562526675203,0,Tuesday,False,False
0.8217503217503218,0.6548821548821548,0.975956750604638,0,Tuesday,False,False
0.6956241956241956,0.7829966329966329,0.8265756153080097,0,Tuesday,False,False
0.14478764478764464,0.4774410774410774,0.7328211694408877,0,Tuesday,False,False
0.2528957528957527,0.46649831649831647,0.7432067150377011,0,Tuesday,False,False
0.3796653796653796,0.5067340067340067,0.6535780338597241,0,Tuesday,False,False
0.5051480051480051,0.6905723905723904,0.7634087352397212,0,Tuesday,False,False
0.5997425997425998,0.33888888888888874,0.10456679470763974,0,Tuesday,False,False
0.3597168597168596,0.535016835016835,0.5810214824299331,0,Tuesday,False,False
0.536036036036036,0.659090909090909,0.6958315549864846,0,Tuesday,False,False
0.35392535392535385,0.5792929292929292,0.39863422962014505,0,Tuesday,False,False
0.38223938223938214,0.5269360269360268,0.7267036562811211,0,Tuesday,False,False
0.2284427284427283,0.6634680134680133,0.6006544316403473,0,Tuesday,False,False
0.3217503217503217,0.03989898989898982,1.0,0,Tuesday,False,False
0.2387387387387386,0.6090909090909091,0.9800825152937829,0,Tuesday,False,False
0.31145431145431135,0.38484848484848483,0.5448854744629393,0,Tuesday,False,False
0.7033462033462033,0.18670033670033664,0.6121781192203726,0,Tuesday,False,False
0.3166023166023165,0.5809764309764309,0.6285389102290511,0,Tuesday,False,False
1.0,0.7262626262626262,0.5480153649167734,0,Tuesday,False,False
0.5952380952380952,0.47188552188552185,0.6860150803812777,0,Tuesday,False,False
0.5353925353925354,0.6553872053872054,0.4825722008820601,1,Tuesday,False,True
0.33397683397683386,0.7663299663299663,0.4030445298050932,0,Tuesday,False,False
0.6351351351351351,0.7163299663299663,0.7772087067861717,0,Tuesday,False,False
0.3886743886743885,0.771043771043771,0.7786313842651871,0,Tuesday,False,False
0.5238095238095237,0.6198653198653199,0.472755726276853,0,Tuesday,False,False
0.9942084942084943,0.5075757575757576,0.835396215677906,0,Tuesday,False,False
0.48133848133848134,0.2252525252525252,0.5096030729833547,0,Tuesday,False,False
0.722007722007722,0.4535353535353535,0.6983923744487124,0,Tuesday,False,False
0.3642213642213641,0.35303030303030297,0.8194622279129322,0,Tuesday,False,False
0.4935649935649935,0.8604377104377103,0.6372172428510456,0,Tuesday,False,False
0.8416988416988418,0.4653198653198653,0.7413572343149808,0,Tuesday,False,False
0.3790218790218789,0.5156565656565655,0.5340731256224214,0,Tuesday,False,False
0.8500643500643501,0.5877104377104376,0.6023616446151656,0,Tuesday,False,False
0.6364221364221364,0.5023569023569023,0.6003698961445441,0,Tuesday,False,False
0.39124839124839117,0.7803030303030303,0.48499075259638635,0,Tuesday,False,False
0.6222651222651223,0.39006734006734006,0.6066296770522122,0,Tuesday,False,False
0.6879021879021879,0.5277777777777777,0.31384265187082094,0,Tuesday,False,False
0.6203346203346203,0.37003367003367,0.5394793000426803,0,Tuesday,False,False
0.19691119691119677,0.27272727272727265,0.5835823018921611,0,Tuesday,False,False
0.3597168597168596,0.39191919191919194,0.5896998150519277,1,Tuesday,False,False
0.45238095238095233,0.4887205387205387,0.5928297055057619,0,Tuesday,False,False
0.4858429858429857,0.4227272727272727,0.6310997296912788,0,Tuesday,False,False
0.6196911196911197,0.3784511784511784,0.7466211409873382,0,Tuesday,False,False
0.5341055341055341,0.2582491582491581,0.8309859154929577,0,Tuesday,False,False
0.24195624195624185,0.480976430976431,0.5056195760421113,0,Tuesday,False,False
0.5733590733590733,0.24158249158249162,0.3875373452838242,0,Tuesday,False,False
0.6177606177606177,0.6228956228956228,0.42196614027599944,1,Tuesday,True,False
0.6081081081081081,0.5087542087542087,0.5403329065300896,0,Tuesday,False,False
0.7084942084942085,0.2494949494949495,0.5692132593541044,0,Tuesday,False,False
0.6608751608751608,0.4429292929292928,0.48001138141983213,0,Tuesday,False,False
0.5888030888030888,0.36835016835016826,0.3677621283255086,0,Tuesday,False,False
0.4864864864864864,0.5486531986531986,0.5470194906814625,0,Tuesday,False,False
0.17953667953667932,0.7205387205387204,0.683027457675345,0,Tuesday,False,False
0.583011583011583,0.17929292929292923,0.7713757291222081,0,Tuesday,False,False
0.5398970398970399,0.5143097643097643,0.5253947930004268,0,Tuesday,False,False
0.5521235521235521,0.46801346801346794,0.5562668942950634,0,Tuesday,False,False
0.25353925353925344,0.607912457912458,0.4465784606629677,0,Tuesday,False,False
0.29150579150579137,0.5308080808080808,0.6376440460947503,0,Tuesday,False,False
0.7033462033462033,0.36835016835016826,0.46322378716744916,0,Tuesday,False,False
0.4922779922779923,0.4412457912457913,0.7666808934414568,0,Tuesday,False,False
0.6312741312741312,0.36094276094276084,0.26319533361786884,0,Tuesday,False,False
0.5051480051480051,0.6760942760942759,0.5676483141271874,0,Tuesday,False,False
0.5057915057915058,0.4984848484848485,0.708635652297624,0,Tuesday,False,False
0.6808236808236808,0.8149831649831649,0.6835965286669512,0,Tuesday,False,False
0.4002574002574001,0.48468013468013466,1.0,0,Tuesday,False,False
0.5186615186615186,0.3757575757575758,0.7190211978944374,0,Tuesday,False,False
0.41055341055341044,0.24006734006734004,0.4300754019063878,0,Tuesday,False,False
0.4163449163449162,0.19141414141414131,0.6239863422962013,0,Tuesday,False,False
0.44015444015444005,0.22828282828282814,0.2653293498363921,0,Tuesday,False,False
0.5431145431145431,0.5398989898989899,0.6271162327500357,1,Tuesday,True,False
0.4073359073359073,0.5806397306397306,0.4664959453691848,0,Tuesday,False,False
0.7425997425997426,0.2287878787878787,0.8396642481149523,0,Tuesday,False,False
0.3275418275418275,0.6456228956228955,0.5271020059752455,0,Tuesday,False,False
0.4639639639639639,0.41363636363636364,0.6194337743633518,0,Tuesday,False,False
0.4150579150579149,0.5196969696969695,0.5087494664959453,0,Tuesday,False,False
0.7792792792792793,0.7663299663299663,1.0,0,Tuesday,False,False
0.5379665379665379,0.6459595959595958,0.5757575757575759,0,Tuesday,False,False
0.6994851994851995,0.4496632996632997,1.0,0,Tuesday,False,False
0.21299871299871284,0.34494949494949495,0.8180395504339166,0,Tuesday,False,False
0.5514800514800515,0.13265993265993264,0.7471902119789444,0,Tuesday,False,False
0.6718146718146718,0.3739057239057239,0.7230046948356808,0,Tuesday,False,False
0.516087516087516,0.45942760942760935,0.7284108692559397,0,Tuesday,False,False
0.7059202059202059,0.3287878787878788,0.23289230331483846,0,Tuesday,False,False
0.4002574002574001,0.47289562289562276,0.584862711623275,0,Tuesday,False,False
0.7722007722007723,0.5079124579124579,0.8247261345852896,0,Tuesday,False,False
0.944015444015444,0.457070707070707,0.63394508464931,0,Tuesday,False,False
0.4298584298584298,0.38552188552188543,0.3444302176696543,0,Tuesday,False,False
0.4137709137709137,0.5234006734006733,0.6330914781619006,0,Tuesday,False,False
0.7805662805662806,0.5693602693602693,1.0,0,Tuesday,False,False
0.8050193050193051,0.3114478114478115,0.910371318822023,0,Tuesday,False,False
0.3989703989703989,0.7324915824915823,0.6310997296912788,0,Tuesday,False,False
0.41891891891891886,0.47828282828282825,0.847346706501636,0,Tuesday,False,False
0.4453024453024452,0.49814814814814806,0.5660833689002703,0,Tuesday,False,False
0.24066924066924053,0.6141414141414141,0.2806942666097595,0,Tuesday,False,False
0.3223938223938223,0.5341750841750841,0.4470052639066724,0,Tuesday,False,False
0.3063063063063062,0.6553872053872054,0.9778062313273581,0,Tuesday,False,False
0.3519948519948519,0.5432659932659931,0.5858585858585859,1,Tuesday,False,True
0.4935649935649935,0.39191919191919194,0.5924029022620572,0,Tuesday,False,False
0.5450450450450449,0.5558922558922559,0.5803101436904254,0,Tuesday,False,False
0.7992277992277993,0.3023569023569023,1.0,0,Tuesday,False,False
0.3069498069498068,0.5132996632996634,0.9913216673780054,0,Tuesday,False,False
0.6898326898326899,0.4893939393939393,1.0,0,Tuesday,False,False
0.4588159588159587,0.4599326599326599,0.6103286384976525,0,Tuesday,False,False
0.49034749034749026,0.47323232323232317,0.7073552425665104,0,Tuesday,False,False
0.6299871299871299,0.17811447811447806,0.32067150377009535,0,Tuesday,False,False
0.28314028314028306,0.40252525252525245,0.9594536918480581,0,Tuesday,False,False
0.574002574002574,0.5106060606060605,0.3950775359226063,0,Tuesday,False,False
0.5321750321750321,0.5218855218855218,0.6905676483141272,0,Tuesday,False,False
0.5952380952380952,0.32188552188552183,0.4101579172001707,0,Tuesday,False,False
0.5559845559845559,0.7080808080808079,0.518708208849054,0,Tuesday,False,False
0.9742599742599745,0.34915824915824917,0.4656423388817754,0,Tuesday,False,False
0.37709137709137697,0.658080808080808,0.5145824441599088,0,Tuesday,False,False
0.39768339768339755,0.5668350168350169,0.5292360221937686,0,Tuesday,False,False
0.3796653796653796,0.38619528619528615,0.5273865414710486,0,Tuesday,False,False
0.3925353925353925,0.7937710437710437,0.8221653151230617,0,Tuesday,False,False
0.37709137709137697,0.2939393939393939,0.4085929719732536,0,Tuesday,False,False
0.7297297297297298,0.6496632996632996,0.6914212548015366,0,Tuesday,False,False
0.7741312741312741,0.6634680134680133,0.9042538056622564,0,Tuesday,False,False
0.38996138996138985,0.38198653198653193,0.5347844643619292,0,Tuesday,False,False
0.33912483912483904,0.7292929292929293,0.4911082657561532,0,Tuesday,False,False
0.5907335907335908,0.4528619528619528,0.5951059894721868,0,Tuesday,False,False
0.3931788931788931,0.5436026936026936,0.896144544031868,0,Tuesday,False,False
0.6222651222651223,0.5387205387205387,0.6857305448854745,0,Tuesday,False,False
0.5392535392535391,0.4723905723905723,0.5309432351685873,0,Tuesday,False,False
0.20720720720720706,0.6314814814814815,0.7476170152226491,0,Tuesday,False,False
0.7985842985842987,0.6284511784511784,0.4091620429648598,0,Tuesday,False,False
0.846846846846847,0.20050505050505046,0.7897282686015081,0,Tuesday,False,False
0.38159588159588154,0.7144781144781143,0.7315407597097738,0,Wednesday,False,False
0.42535392535392524,0.21515151515151515,0.5786029307156066,0,Wednesday,False,False
0.5553410553410553,0.6688552188552188,0.46535780338597243,0,Wednesday,False,False
0.5643500643500643,0.6846801346801346,0.4551145255370608,0,Wednesday,False,False
0.6274131274131275,0.3112794612794613,0.7584293640631667,0,Wednesday,False,False
0.8880308880308883,0.4257575757575757,0.9065300896286812,0,Wednesday,False,False
0.4658944658944658,0.3087542087542087,0.5083226632522407,0,Wednesday,False,False
0.34620334620334614,0.45875420875420875,0.74221084080239,0,Wednesday,False,False
0.23359073359073348,0.44309764309764305,0.19889031156636783,0,Wednesday,False,False
0.3590733590733589,0.6262626262626261,0.5195618153364633,0,Wednesday,False,False
0.4935649935649935,0.7154882154882154,0.6376440460947503,0,Wednesday,False,False
0.8462033462033464,0.7299663299663299,0.45013515436050655,1,Wednesday,False,False
0.4002574002574001,0.4003367003367004,0.44444444444444453,0,Wednesday,False,False
0.5431145431145431,0.45976430976430965,0.5017783468487694,0,Wednesday,False,False
0.49678249678249664,0.21161616161616165,0.7066439038270023,0,Wednesday,False,False
0.7297297297297298,0.3592592592592592,0.6043533930857874,0,Wednesday,False,False
0.9877734877734878,0.6574074074074072,0.16673780054061738,0,Wednesday,False,False
0.39768339768339755,0.7670033670033669,0.19177692417129033,0,Wednesday,False,False
0.40540540540540526,0.2872053872053871,0.5148669796557122,0,Wednesday,False,False
0.7014157014157015,0.3952861952861952,0.7420685730544887,0,Wednesday,False,False
0.631917631917632,0.4905723905723906,0.05804524114383264,0,Wednesday,False,False
0.8564993564993566,0.542087542087542,0.5376298193199601,0,Wednesday,False,False
0.6126126126126126,0.3585858585858585,0.5320813771517997,0,Wednesday,False,False
0.4305019305019304,0.5663299663299664,0.9406743491250533,1,Wednesday,False,False
0.6138996138996139,0.4151515151515151,0.5620998719590269,0,Wednesday,False,False
0.7142857142857143,0.4925925925925925,0.7259923175416132,0,Wednesday,False,False
0.6583011583011583,0.5868686868686868,0.6744913928012521,0,Wednesday,False,False
0.5978120978120978,0.495959595959596,0.18964290795276706,0,Wednesday,False,False
0.7059202059202059,0.4215488215488215,0.8082230758287097,0,Wednesday,False,False
0.7258687258687259,0.47643097643097637,0.6902831128183242,0,Wednesday,False,False
0.7670527670527671,0.48013468013468,0.7527386541471048,0,Wednesday,False,False
0.6254826254826255,0.4326599326599326,1.0,0,Wednesday,False,False
0.46782496782496774,0.4513468013468012,0.19960165030587562,0,Wednesday,False,False
0.5283140283140283,0.764141414141414,1.0,1,Wednesday,False,False
0.732947232947233,0.5893939393939394,0.5830132309005549,0,Wednesday,False,False
0.3423423423423423,0.44528619528619523,0.7056480295916916,0,Wednesday,False,False
0.5714285714285714,0.6122895622895623,0.6346564233888177,0,Wednesday,False,False
0.42406692406692403,0.43872053872053857,0.553848342580737,0,Wednesday,False,False
0.5057915057915058,0.6924242424242422,0.5226917057902973,0,Wednesday,False,False
0.7471042471042472,0.5572390572390573,0.7146108977094892,0,Wednesday,False,False
0.5366795366795366,0.47693602693602694,0.32052923602219374,0,Wednesday,False,False
0.509009009009009,0.5703703703703702,0.8045241143832693,0,Wednesday,False,False
0.23745173745173728,0.23047138047138044,0.5555555555555557,0,Wednesday,False,False
0.6441441441441441,0.3052188552188551,0.4031867975529947,0,Wednesday,False,False
0.6248391248391248,0.2939393939393939,0.5482999004125765,0,Wednesday,False,False
0.9176319176319176,0.5190235690235689,0.9126476027884478,0,Wednesday,False,False
0.44079794079794077,0.7867003367003365,0.5300896286811779,0,Wednesday,False,False
0.5424710424710425,0.8705387205387205,0.7208706786171575,0,Wednesday,False,False
0.5482625482625483,0.6023569023569024,0.4884051785460237,0,Wednesday,False,False
0.8043758043758045,0.5792929292929292,0.8060890596101864,0,Wednesday,False,False
0.48133848133848134,0.19175084175084173,0.7905818750889173,0,Wednesday,False,False
0.5540540540540541,0.40353535353535347,1.0,1,Wednesday,True,False
0.6171171171171171,0.36228956228956216,0.6069142125480154,0,Wednesday,False,False
0.536036036036036,0.39040404040404036,0.7870251813913787,0,Wednesday,False,False
0.4137709137709137,0.4666666666666666,0.6652439891876512,0,Wednesday,False,False
0.5373230373230373,0.4154882154882155,0.9208991321667377,0,Wednesday,False,False
0.7072072072072073,0.16178451178451175,0.49096599800825147,0,Wednesday,False,False
0.3018018018018017,0.6208754208754208,0.8033859724000569,0,Wednesday,False,False
0.5257400257400258,0.3143097643097644,0.6027884478588703,0,Wednesday,False,False
0.3648648648648648,0.5351851851851852,0.6306729264475743,0,Wednesday,False,False
0.731016731016731,0.8441077441077438,0.6639635794565371,0,Wednesday,False,False
0.20592020592020574,0.3402356902356903,0.6981078389529094,0,Wednesday,False,False
0.3918918918918918,0.06902356902356899,0.6195760421112535,0,Wednesday,False,False
0.5727155727155727,0.4468013468013468,0.6901408450704225,0,Wednesday,False,False
0.8024453024453024,0.6803030303030302,0.9810783895290938,0,Wednesday,False,False
0.4871299871299871,0.8245791245791245,0.8546023616446152,0,Wednesday,False,False
0.3925353925353925,0.2878787878787879,0.8298477735097454,0,Wednesday,False,False
0.8629343629343631,0.5786195286195286,0.5471617584293641,0,Wednesday,False,False
0.2207207207207206,0.4166666666666667,0.4545454545454545,0,Wednesday,False,False
0.07528957528957506,0.477104377104377,0.8482003129890454,0,Wednesday,False,False
0.584942084942085,0.9400673400673398,0.831270450988761,0,Wednesday,False,False
0.40283140283140273,0.2419191919191918,0.9586000853606489,0,Wednesday,False,False
0.30308880308880304,0.5377104377104376,0.5154360506473182,0,Wednesday,False,False
0.6370656370656371,0.5737373737373737,0.5953905249679898,0,Wednesday,False,False
0.546975546975547,0.6777777777777776,0.2944942381562099,0,Wednesday,False,False
0.39124839124839117,0.5114478114478114,0.5605349267321098,0,Wednesday,False,False
0.2528957528957527,0.5468013468013466,0.8570209133589417,0,Wednesday,False,False
0.6685971685971686,0.4289562289562289,0.5447432067150377,1,Wednesday,False,False
0.6254826254826255,0.5402356902356902,0.7810499359795136,0,Wednesday,False,False
0.4806949806949806,0.4372053872053872,0.6036420543462797,0,Wednesday,False,False
0.8564993564993566,0.5996632996632996,0.7134727557262768,0,Wednesday,False,False
0.2934362934362933,0.4326599326599326,0.39934556835965285,0,Wednesday,False,False
0.20527670527670513,0.5584175084175085,0.6625409019775217,0,Wednesday,False,False
0.366151866151866,0.49006734006734004,0.0059752454118651155,0,Wednesday,False,False
0.49099099099099086,0.6845117845117843,0.6044956608336891,0,Wednesday,False,False
0.546975546975547,0.4863636363636364,0.2963437188789302,0,Wednesday,False,False
0.45366795366795354,0.1964646464646465,0.9016929862000285,0,Wednesday,False,False
0.5682110682110683,0.7074074074074073,0.8102148242993312,0,Wednesday,False,False
0.2586872586872585,0.34242424242424235,0.7439180537772088,0,Wednesday,False,False
0.7786357786357787,0.38484848484848483,0.9689856309574618,0,Wednesday,False,False
0.48391248391248387,0.3946127946127946,0.44188362498221656,0,Wednesday,False,False
0.7155727155727156,0.7262626262626262,1.0,0,Wednesday,False,False
0.5662805662805662,0.13535353535353534,0.8432209418124912,0,Wednesday,False,False
0.5881595881595881,1.0,0.5938255797410728,1,Wednesday,False,True
0.61003861003861,0.6727272727272726,0.8866126049224641,0,Wednesday,False,False
0.5862290862290862,0.5324915824915823,0.4083084364774505,1,Wednesday,False,False
0.6241956241956241,0.48569023569023567,0.468345426091905,0,Wednesday,False,False
0.7567567567567568,0.5430976430976431,0.5144401764120075,0,Wednesday,False,False
0.5379665379665379,0.5826599326599327,0.5315123061601934,0,Wednesday,False,False
0.6370656370656371,0.6035353535353536,0.4188362498221653,1,Wednesday,True,False
0.48262548262548255,0.5885521885521885,0.9053919476454688,0,Wednesday,False,False
0.7779922779922781,0.5101010101010099,0.5891307440603215,0,Wednesday,False,False
0.36936936936936926,0.4617845117845118,0.7195902688860436,0,Wednesday,False,False
0.8474903474903476,0.4695286195286195,0.5225494380423957,0,Wednesday,False,False
0.4922779922779923,0.462121212121212,0.25579741072698814,0,Wednesday,False,False
0.2239382239382238,0.6858585858585857,0.7019490681462512,0,Wednesday,False,False
0.5244530244530244,0.5949494949494949,0.2363067292644757,0,Wednesday,False,False
0.36872586872586866,0.0,0.6296770522122634,0,Wednesday,False,False
0.6621621621621622,0.6053872053872054,0.3523972115521411,0,Wednesday,False,False
0.3738738738738737,0.5277777777777777,1.0,0,Wednesday,False,False
0.4137709137709137,0.49175084175084177,0.8388106416275432,0,Wednesday,False,False
0.13513513513513495,0.4294612794612794,0.6669512021624697,0,Wednesday,False,False
0.4124839124839125,0.6841750841750842,0.9140702802674634,0,Wednesday,False,False
0.032175032175031926,0.6545454545454543,0.46379285815905535,0,Wednesday,False,False
0.19433719433719418,0.36481481481481487,0.760278844785887,0,Wednesday,False,False
0.6467181467181466,0.5634680134680135,0.6870109546165883,0,Wednesday,False,False
0.6518661518661518,0.3313131313131313,0.7006686584151371,0,Wednesday,False,False
0.5823680823680824,0.2626262626262626,0.9159197609901837,0,Wednesday,False,False
0.3133848133848133,0.38939393939393935,0.8006828851899275,0,Wednesday,False,False
0.49099099099099086,0.64006734006734,0.7059325650874946,0,Wednesday,False,False
0.4993564993564993,0.6553872053872054,0.29122207995447436,0,Wednesday,False,False
0.27606177606177595,0.5813131313131312,0.4394650732678902,0,Wednesday,False,False
0.7902187902187903,0.617003367003367,0.6181533646322379,0,Wednesday,False,False
0.6692406692406693,0.5818181818181818,0.6642481149523405,0,Wednesday,False,False
0.4575289575289574,0.387037037037037,0.4031867975529947,0,Wednesday,False,False
0.5051480051480051,0.5676767676767676,1.0,1,Wednesday,True,False
0.5405405405405406,0.6296296296296295,0.9679897567221512,0,Wednesday,False,False
0.10553410553410533,0.6218855218855219,0.7727984066012235,0,Wednesday,False,False
0.45238095238095233,0.695117845117845,0.6596955470194907,0,Wednesday,False,False
0.36808236808236794,0.6141414141414141,0.59908948641343,0,Wednesday,False,False
0.3069498069498068,0.5540404040404039,0.44117228624270877,0,Wednesday,False,False
0.44594594594594583,0.675084175084175,0.6608336890027031,0,Wednesday,False,False
0.846846846846847,0.49040404040404034,0.6993882486840235,0,Wednesday,False,False
0.6235521235521235,0.3464646464646464,0.37928581590553423,0,Wednesday,False,False
0.38996138996138985,0.4675084175084174,0.7156067719448003,0,Wednesday,False,False
0.6106821106821108,0.36952861952861943,0.6111822449850619,0,Wednesday,False,False
